[{"id":"ARCANE_RESISTANCE_DAMAGE","name":"Arcane Resistance (Damage)","button_name":"has Arcane Resistance","dmgMod":"-2","and_selector":[{"selector_type":"target_has_edge","selector_value":"Arcane Resistance"},{"not_selector":[{"selector_type":"target_has_edge","selector_value":"Arcane Resistance (Imp)"}]},{"or_selector":[{"selector_type":"item_name","selector_value":"Magic"},{"selector_type":"item_name","selector_value":"Blessed"},{"selector_type":"item_type","selector_value":"power"}]}],"defaultChecked":"on","group":"Target:"},{"id":"ARCANE_RESISTANCE_IMP_DAMAGE","name":"Arcane Resistance (Imp; Dmg)","button_name":"has improved Arcane Resistance ","dmgMod":"-4","and_selector":[{"selector_type":"target_has_edge","selector_value":"Improved Arcane Resistance"},{"or_selector":[{"selector_type":"item_name","selector_value":"Magic"},{"selector_type":"item_name","selector_value":"Blessed"},{"selector_type":"item_type","selector_value":"power"}]}],"defaultChecked":"on","group":"Target:"},{"id":"ARCANE_RESISTANCE_IMP_SKILL","name":"Arcane Resistance (Imp; Skill)","button_name":"has improved Arcane Resistance","skillMod":"-4","and_selector":[{"selector_type":"target_has_edge","selector_value":"Arcane Resistance (Imp)"},{"selector_type":"item_type","selector_value":"power"}],"defaultChecked":"on","group":"Target:"},{"id":"ARCANE_RESISTANCE_SKILL","name":"Arcane Resistance (Skill)","button_name":"has Arcane Resistance","skillMod":"-2","and_selector":[{"selector_type":"target_has_edge","selector_value":"Arcane Resistance"},{"not_selector":[{"selector_type":"target_has_edge","selector_value":"Arcane Resistance (Imp)"}]},{"selector_type":"item_type","selector_value":"power"}],"defaultChecked":"on","group":"Target:"},{"id":"POUNCE-WILD_ATTACK","name":"Wild Attack (Pounce)","button_name":"Wild Attack (Pounce)","dmgMod":"+4","and_selector":[{"selector_type":"actor_has_ability","selector_value":"Pounce"},{"selector_type":"skill","selector_value":"Fighting"}],"group":"Special Abilities"},{"id":"ROLLOVER-BONUS_DAMAGE","name":"Raise (Rollover)","button_name":"Raise Damage (Rollover)","dmgMod":"+d10","and_selector":[{"selector_type":"actor_has_ability","selector_value":"Rollover"},{"selector_type":"skill","selector_value":"Fighting"}],"group":"Special Abilities"},{"id":"ARCANE_PROTECTION","name":"Arcane Protection","button_name":"has Arcane Protection","skillMod":"-2","and_selector":[{"selector_type":"item_type","selector_value":"power"},{"selector_type":"target_has_effect","selector_value":"Arcane Protection"},{"not_selector":[{"selector_type":"target_has_effect","selector_value":"Arcane Protection (raise)"}]}],"defaultChecked":"on","group":"Target"},{"id":"ARCANE_PROTECTION-RAISE","name":"Arcane Protection (raise)","button_name":"has Arcane Protection","skillMod":"-4","and_selector":[{"selector_type":"item_type","selector_value":"power"},{"selector_type":"target_has_effect","selector_value":"Arcane Protection (raise)"}],"defaultChecked":"on","group":"Target"},{"id":"DEFLECTION","name":"Deflection","button_name":"has Deflection","skillMod":"-2","and_selector":[{"selector_type":"item_type","selector_value":"weapon"},{"selector_type":"target_has_effect","selector_value":"Deflection"},{"not_selector":[{"selector_type":"target_has_effect","selector_value":"Deflection (raise)"}]}],"defaultChecked":"on","group":"Target"},{"id":"DEFLECTION-RAISE","name":"Deflection (raise)","button_name":"has Deflection","skillMod":"-4","and_selector":[{"selector_type":"item_type","selector_value":"weapon"},{"selector_type":"target_has_effect","selector_value":"Deflection (raise)"}],"defaultChecked":"on","group":"Target"},{"id":"EMPATHY","name":"Empathy","button_name":"has Empathy","skillMod":"+1","and_selector":[{"or_selector":[{"selector_type":"skill","selector_value":"Intimidation"},{"selector_type":"skill","selector_value":"Persuasion"},{"selector_type":"skill","selector_value":"Performance"},{"selector_type":"skill","selector_value":"Taunt"}]},{"selector_type":"target_has_effect","selector_value":"Empathy"},{"selector_type":"actor_has_effect","selector_value":"Maintaining Empathy"},{"not_selector":[{"selector_type":"target_has_effect","selector_value":"Empathy (raise)"}]}],"defaultChecked":"on","group":"Target"},{"id":"EMPATHY-RAISE","name":"Empathy (raise)","button_name":"has Empathy (raise)","skillMod":"+2","and_selector":[{"or_selector":[{"selector_type":"skill","selector_value":"Intimidation"},{"selector_type":"skill","selector_value":"Persuasion"},{"selector_type":"skill","selector_value":"Performance"},{"selector_type":"skill","selector_value":"Taunt"}]},{"selector_type":"target_has_effect","selector_value":"Empathy (raise)"},{"selector_type":"actor_has_effect","selector_value":"Maintaining Empathy"}],"defaultChecked":"on","group":"Target"},{"id":"INVISIBLE","name":"Invisible","button_name":"is Invisible","skillMod":"-4","and_selector":[{"or_selector":[{"selector_type":"skill","selector_value":"Shooting"},{"selector_type":"skill","selector_value":"Fighting"},{"selector_type":"skill","selector_value":"Athletics"},{"selector_type":"skill","selector_value":"Healing"},{"selector_type":"skill","selector_value":"Notice"},{"selector_type":"skill","selector_value":"Repair"},{"selector_type":"skill","selector_value":"Thievery"},{"selector_type":"skill","selector_value":"Faith"},{"selector_type":"skill","selector_value":"Spellcasting"},{"selector_type":"skill","selector_value":"Weird Science"},{"selector_type":"item_type","selector_value":"weapon"},{"selector_type":"item_type","selector_value":"power"}]},{"selector_type":"target_has_effect","selector_value":"Invisible"},{"not_selector":[{"selector_type":"actor_has_effect","selector_value":"Detect Arcana"}]},{"not_selector":[{"selector_type":"target_has_effect","selector_value":"Invisible (raise)"}]}],"defaultChecked":"on","group":"Target"},{"id":"INVISIBLE-RAISE","name":"Invisible (raise)","button_name":"is Invisible","skillMod":"-6","and_selector":[{"or_selector":[{"selector_type":"skill","selector_value":"Shooting"},{"selector_type":"skill","selector_value":"Fighting"},{"selector_type":"skill","selector_value":"Athletics"},{"selector_type":"skill","selector_value":"Healing"},{"selector_type":"skill","selector_value":"Notice"},{"selector_type":"skill","selector_value":"Repair"},{"selector_type":"skill","selector_value":"Thievery"},{"selector_type":"skill","selector_value":"Faith"},{"selector_type":"skill","selector_value":"Spellcasting"},{"selector_type":"skill","selector_value":"Weird Science"},{"selector_type":"item_type","selector_value":"weapon"},{"selector_type":"item_type","selector_value":"power"}]},{"not_selector":[{"selector_type":"actor_has_effect","selector_value":"Detect Arcana"}]},{"selector_type":"target_has_effect","selector_value":"Invisible (raise)"}],"defaultChecked":"on","group":"Target"},{"id":"INVISIBLE-RAISE (DET)","name":"Invisible (raise) (DET)","button_name":"is Invisible","skillMod":"-2","and_selector":[{"or_selector":[{"selector_type":"skill","selector_value":"Shooting"},{"selector_type":"skill","selector_value":"Fighting"},{"selector_type":"skill","selector_value":"Athletics"},{"selector_type":"skill","selector_value":"Healing"},{"selector_type":"skill","selector_value":"Notice"},{"selector_type":"skill","selector_value":"Repair"},{"selector_type":"skill","selector_value":"Thievery"},{"selector_type":"skill","selector_value":"Faith"},{"selector_type":"skill","selector_value":"Spellcasting"},{"selector_type":"skill","selector_value":"Weird Science"},{"selector_type":"item_type","selector_value":"weapon"},{"selector_type":"item_type","selector_value":"power"},{"selector_type":"item_type","selector_value":"weapon"},{"selector_type":"item_type","selector_value":"power"}]},{"not_selector":[{"selector_type":"actor_has_effect","selector_value":"Detect Arcana (Raise)"}]},{"selector_type":"target_has_effect","selector_value":"Invisible (raise)"},{"selector_type":"actor_has_effect","selector_value":"Detect Arcana"}],"defaultChecked":"on","group":"Target"},{"id":"PRONE","name":"Target prone","button_name":"Target prone (>3 inch away)","skillMod":"-4","and_selector":[{"selector_type":"target_has_effect","selector_value":"Prone"},{"or_selector":[{"selector_type":"item_type","selector_value":"weapon"},{"selector_type":"item_type","selector_value":"power"}]}],"defaultChecked":"on","group":"Target"}]