{
  "system": "swade",
  "map": [
    {
      "id": "shaken",
      "name": "Shaken",
      "icon": "modules/swim/assets/icons/status_markers/0-Shaken.png",
      "referenceId": "@Compendium[swade-core-rules.swade-rules.30TJKevSbgxK6jQy]",
      "applyTrigger": "9xoaohqdatoa2956",
      "removeTrigger": "ian8nvta7vkl82qj",
      "options": {
        "overlay": false,
        "removeOthers": false,
        "markDefeated": false,
        "outputChat": false
      },
      "isNew": false,
      "enrichedReference": "<a class=\"entity-link\" draggable=\"true\" data-pack=\"swade-core-rules.swade-rules\" data-id=\"30TJKevSbgxK6jQy\"><i class=\"fas fa-book-open\"></i> Damage Effects</a>",
      "isChanged": false
    },
    {
      "id": "aiming",
      "name": "Aiming",
      "icon": "modules/swim/assets/icons/status_markers/1-Aiming.png",
      "referenceId": "@Compendium[swade-core-rules.swade-rules.Fxh6qdmOiHPAO0VK]",
      "applyTrigger": "",
      "removeTrigger": "",
      "options": {
        "overlay": false,
        "removeOthers": false,
        "markDefeated": false,
        "outputChat": false
      },
      "isNew": false,
      "enrichedReference": "<a class=\"entity-link\" draggable=\"true\" data-pack=\"swade-core-rules.swade-rules\" data-id=\"Fxh6qdmOiHPAO0VK\"><i class=\"fas fa-book-open\"></i> Aim</a>",
      "isChanged": false
    },
    {
      "id": "berserking",
      "name": "Berserking",
      "icon": "modules/swim/assets/icons/status_markers/1-Berserking.png",
      "referenceId": "@Compendium[swade-core-rules.swade-edges.GdQ2ptJFFVleMX1Z]",
      "applyTrigger": "",
      "removeTrigger": "",
      "activeEffect": {
        "label": "Berserking",
        "icon": "modules/swim/assets/icons/status_markers/1-Berserking.png",
        "tint": "",
        "disabled": false,
        "duration": {
          "seconds": null,
          "startTime": null,
          "rounds": null,
          "turns": null,
          "startRound": null,
          "startTurn": null
        },
        "changes": [
          {
            "key": "data.attributes.strength.die.sides",
            "mode": 2,
            "value": 2
          },
          {
            "key": "data.status.isVulnerable",
            "mode": 5,
            "value": "true"
          },
          {
            "key": "data.stats.toughness.value",
            "mode": 2,
            "value": 2
          },
          {
            "key": "data.wounds.ignored",
            "mode": 2,
            "value": 1
          }
        ]
      },
      "options": {
        "overlay": false,
        "removeOthers": false,
        "markDefeated": false,
        "outputChat": false
      },
      "isNew": false,
      "enrichedReference": "<a class=\"entity-link\" draggable=\"true\" data-pack=\"swade-core-rules.swade-edges\" data-id=\"GdQ2ptJFFVleMX1Z\"><i class=\"fas fa-suitcase\"></i> Berserk</a>",
      "isChanged": false
    },
    {
      "id": "defending",
      "name": "Defending",
      "icon": "modules/swim/assets/icons/status_markers/1-Defending.png",
      "referenceId": "@Compendium[swade-core-rules.swade-rules.ghXOj9Rpuw7vSQpu]",
      "applyTrigger": "",
      "removeTrigger": "",
      "activeEffect": {
        "label": "Defending",
        "icon": "modules/swim/assets/icons/status_markers/1-Defending.png",
        "tint": "",
        "disabled": false,
        "duration": {
          "seconds": null,
          "startTime": null,
          "rounds": null,
          "turns": null,
          "startRound": null,
          "startTurn": null
        },
        "changes": [
          {
            "key": "data.stats.parry.value",
            "mode": 2,
            "value": 4
          }
        ]
      },
      "options": {
        "overlay": false,
        "removeOthers": false,
        "markDefeated": false,
        "outputChat": false
      },
      "isNew": false,
      "enrichedReference": "<a class=\"entity-link\" draggable=\"true\" data-pack=\"swade-core-rules.swade-rules\" data-id=\"ghXOj9Rpuw7vSQpu\"><i class=\"fas fa-book-open\"></i> Defend</a>",
      "isChanged": false
    },
    {
      "id": "flying",
      "name": "Flying",
      "icon": "modules/swim/assets/icons/status_markers/1-Flying.png",
      "referenceId": "",
      "applyTrigger": "",
      "removeTrigger": "",
      "options": {
        "overlay": false,
        "removeOthers": false,
        "markDefeated": false,
        "outputChat": false
      },
      "isNew": false,
      "enrichedReference": "",
      "isChanged": false
    },
    {
      "id": "holding",
      "name": "Holding",
      "icon": "modules/swim/assets/icons/status_markers/1-Holding.png",
      "referenceId": "@Compendium[swade-core-rules.swade-rules.v5io2xKJNNM0US1H]",
      "applyTrigger": "",
      "removeTrigger": "",
      "options": {
        "overlay": false,
        "removeOthers": false,
        "markDefeated": false,
        "outputChat": false
      },
      "isNew": false,
      "enrichedReference": "<a class=\"entity-link\" draggable=\"true\" data-pack=\"swade-core-rules.swade-rules\" data-id=\"v5io2xKJNNM0US1H\"><i class=\"fas fa-book-open\"></i> Hold</a>",
      "isChanged": false
    },
    {
      "id": "entangled",
      "name": "Entangled",
      "icon": "modules/swim/assets/icons/status_markers/2b-Entangled.png",
      "referenceId": "@Compendium[swade-core-rules.swade-rules.sTArFBzbesQkjLVg]",
      "applyTrigger": "r2kbay7ne2audd16",
      "removeTrigger": "vnjba9u0eknbwn13",
      "activeEffect": {
        "label": "Entangled",
        "icon": "modules/swim/assets/icons/status_markers/2b-Entangled.png",
        "tint": "",
        "disabled": false,
        "duration": {
          "seconds": null,
          "startTime": null,
          "rounds": null,
          "turns": null,
          "startRound": null,
          "startTurn": null
        },
        "changes": [
          {
            "key": "data.status.isDistracted",
            "mode": 5,
            "value": "true"
          },
          {
            "key": "data.stats.speed.value",
            "mode": 5,
            "value": 0
          }
        ]
      },
      "options": {
        "overlay": false,
        "removeOthers": false,
        "markDefeated": false,
        "outputChat": false
      },
      "isNew": false,
      "enrichedReference": "<a class=\"entity-link\" draggable=\"true\" data-pack=\"swade-core-rules.swade-rules\" data-id=\"sTArFBzbesQkjLVg\"><i class=\"fas fa-book-open\"></i> Bound and Entangled</a>",
      "isChanged": false
    },
    {
      "id": "bound",
      "name": "Bound",
      "icon": "modules/swim/assets/icons/status_markers/2b-Bound.png",
      "referenceId": "@Compendium[swade-core-rules.swade-rules.sTArFBzbesQkjLVg]",
      "applyTrigger": "5u4nhz49qs44lnzl",
      "removeTrigger": "qgrhmfgwqzmu042h",
      "activeEffect": {
        "label": "Bound",
        "icon": "modules/swim/assets/icons/status_markers/2b-Bound.png",
        "tint": "",
        "disabled": false,
        "duration": {
          "seconds": null,
          "startTime": null,
          "rounds": null,
          "turns": null,
          "startRound": null,
          "startTurn": null
        },
        "changes": [
          {
            "key": "data.status.isDistracted",
            "mode": 5,
            "value": "true"
          },
          {
            "key": "data.status.isVulnerable",
            "mode": 5,
            "value": "true"
          },
          {
            "key": "data.stats.speed.value",
            "mode": 5,
            "value": 0
          }
        ]
      },
      "options": {
        "overlay": false,
        "removeOthers": false,
        "markDefeated": false,
        "outputChat": false
      },
      "isNew": false,
      "enrichedReference": "<a class=\"entity-link\" draggable=\"true\" data-pack=\"swade-core-rules.swade-rules\" data-id=\"sTArFBzbesQkjLVg\"><i class=\"fas fa-book-open\"></i> Bound and Entangled</a>",
      "isChanged": false
    },
    {
      "id": "frightened",
      "name": "Frightened",
      "icon": "modules/swim/assets/icons/status_markers/2c-Frightened.png",
      "referenceId": "@Compendium[swade-core-rules.swade-rules.jaYcLBJnBk1ai5EH]",
      "applyTrigger": "",
      "removeTrigger": "",
      "options": {
        "overlay": false,
        "removeOthers": false,
        "markDefeated": false,
        "outputChat": false
      },
      "isNew": false,
      "enrichedReference": "<a class=\"entity-link\" draggable=\"true\" data-pack=\"swade-core-rules.swade-rules\" data-id=\"jaYcLBJnBk1ai5EH\"><i class=\"fas fa-book-open\"></i> Fear</a>",
      "isChanged": false
    },
    {
      "id": "distracted",
      "name": "Distracted",
      "icon": "modules/swim/assets/icons/status_markers/2-Distracted.png",
      "referenceId": "@Compendium[swade-core-rules.swade-rules.vuud75GDkKL3NW10]",
      "applyTrigger": "25g42l63v9wkfece",
      "removeTrigger": "17aeztbyae3hw52j",
      "options": {
        "overlay": false,
        "removeOthers": false,
        "markDefeated": false,
        "outputChat": false
      },
      "isNew": false,
      "enrichedReference": "<a class=\"entity-link\" draggable=\"true\" data-pack=\"swade-core-rules.swade-rules\" data-id=\"vuud75GDkKL3NW10\"><i class=\"fas fa-book-open\"></i> Distracted and Vulnerable</a>",
      "isChanged": false
    },
    {
      "id": "vulnerable",
      "name": "Vulnerable",
      "icon": "modules/swim/assets/icons/status_markers/2-Vulnerable.png",
      "referenceId": "@Compendium[swade-core-rules.swade-rules.vuud75GDkKL3NW10]",
      "applyTrigger": "tvxzgr8nlfrbsv8m",
      "removeTrigger": "r32djd4rulcbggd8",
      "options": {
        "overlay": false,
        "removeOthers": false,
        "markDefeated": false,
        "outputChat": false
      },
      "isNew": false,
      "enrichedReference": "<a class=\"entity-link\" draggable=\"true\" data-pack=\"swade-core-rules.swade-rules\" data-id=\"vuud75GDkKL3NW10\"><i class=\"fas fa-book-open\"></i> Distracted and Vulnerable</a>",
      "isChanged": false
    },
    {
      "id": "stunned",
      "name": "Stunned",
      "icon": "modules/swim/assets/icons/status_markers/2-Stunned.png",
      "referenceId": "@Compendium[swade-core-rules.swade-rules.nHbnnGpaM8CgA5SI]",
      "applyTrigger": "9v37hrnu025yw4f0",
      "removeTrigger": "z7705bhcf7zm4eba",
      "activeEffect": {
        "label": "Stunned",
        "icon": "modules/swim/assets/icons/status_markers/2-Stunned.png",
        "tint": "",
        "disabled": false,
        "duration": {
          "seconds": null,
          "startTime": null,
          "rounds": null,
          "turns": null,
          "startRound": null,
          "startTurn": null
        },
        "changes": [
          {
            "key": "data.stats.speed.value",
            "mode": 5,
            "value": 0
          }
        ]
      },
      "options": {
        "overlay": false,
        "removeOthers": false,
        "markDefeated": false,
        "outputChat": false
      },
      "isNew": false,
      "enrichedReference": "<a class=\"entity-link\" draggable=\"true\" data-pack=\"swade-core-rules.swade-rules\" data-id=\"nHbnnGpaM8CgA5SI\"><i class=\"fas fa-book-open\"></i> Stunned</a>",
      "isChanged": false
    },
    {
      "id": "prone",
      "name": "Prone",
      "icon": "modules/swim/assets/icons/status_markers/2-Prone.png",
      "referenceId": "@Compendium[swade-core-rules.swade-rules.JhBfyamFYWMA4T93]",
      "applyTrigger": "",
      "removeTrigger": "",
      "activeEffect": {
        "label": "Prone",
        "icon": "modules/swim/assets/icons/status_markers/2-Prone.png",
        "tint": "",
        "disabled": false,
        "duration": {
          "seconds": null,
          "startTime": null,
          "rounds": null,
          "turns": null,
          "startRound": null,
          "startTurn": null
        },
        "changes": [
          {
            "key": "data.stats.parry.value",
            "mode": 2,
            "value": -2
          }
        ]
      },
      "options": {
        "overlay": false,
        "removeOthers": false,
        "markDefeated": false,
        "outputChat": false
      },
      "isNew": false,
      "enrichedReference": "<a class=\"entity-link\" draggable=\"true\" data-pack=\"swade-core-rules.swade-rules\" data-id=\"JhBfyamFYWMA4T93\"><i class=\"fas fa-book-open\"></i> Prone</a>",
      "isChanged": false
    },
    {
      "id": "encumbered",
      "name": "Encumbered",
      "icon": "modules/swim/assets/icons/status_markers/2-Encumbered.png",
      "referenceId": "@Compendium[swade-core-rules.swade-rules.QhIMF8IRx263ockB]",
      "applyTrigger": "",
      "removeTrigger": "",
      "activeEffect": {
        "label": "Encumbered",
        "icon": "modules/swim/assets/icons/status_markers/2-Encumbered.png",
        "tint": "",
        "disabled": false,
        "duration": {
          "seconds": null,
          "startTime": null,
          "rounds": null,
          "turns": null,
          "startRound": null,
          "startTurn": null
        },
        "changes": [
          {
            "key": "data.stats.speed.value",
            "mode": 2,
            "value": -2
          },
          {
            "key": "data.attributes.agility.die.modifier",
            "mode": 2,
            "value": -2
          }
        ]
      },
      "options": {
        "overlay": false,
        "removeOthers": false,
        "markDefeated": false,
        "outputChat": false
      },
      "isNew": false,
      "enrichedReference": "<a class=\"entity-link\" draggable=\"true\" data-pack=\"swade-core-rules.swade-rules\" data-id=\"QhIMF8IRx263ockB\"><i class=\"fas fa-book-open\"></i> Gear Notes</a>",
      "isChanged": false
    },
    {
      "id": "incapacitated",
      "name": "Incapacitated",
      "icon": "modules/swim/assets/icons/status_markers/3-Incapacitated.png",
      "referenceId": "@Compendium[swade-core-rules.swade-rules.30TJKevSbgxK6jQy]",
      "applyTrigger": "",
      "removeTrigger": "",
      "options": {
        "overlay": true,
        "removeOthers": false,
        "markDefeated": false,
        "outputChat": false
      },
      "isNew": false,
      "enrichedReference": "<a class=\"entity-link\" draggable=\"true\" data-pack=\"swade-core-rules.swade-rules\" data-id=\"30TJKevSbgxK6jQy\"><i class=\"fas fa-book-open\"></i> Damage Effects</a>",
      "isChanged": false
    },
    {
      "id": "bleeding-out",
      "name": "Bleeding Out",
      "icon": "modules/swim/assets/icons/status_markers/3-Bleeding%20out.png",
      "referenceId": "@Compendium[swade-core-rules.swade-rules.30TJKevSbgxK6jQy]",
      "applyTrigger": "",
      "removeTrigger": "",
      "options": {
        "overlay": true,
        "removeOthers": false,
        "markDefeated": false,
        "outputChat": false
      },
      "isNew": false,
      "enrichedReference": "<a class=\"entity-link\" draggable=\"true\" data-pack=\"swade-core-rules.swade-rules\" data-id=\"30TJKevSbgxK6jQy\"><i class=\"fas fa-book-open\"></i> Damage Effects</a>",
      "isChanged": false
    },
    {
      "id": "heart-attack",
      "name": "Heart Attack",
      "icon": "modules/swim/assets/icons/status_markers/3-Heart%20attack.png",
      "referenceId": "@Compendium[swade-core-rules.swade-rules.jaYcLBJnBk1ai5EH]",
      "applyTrigger": "",
      "removeTrigger": "",
      "options": {
        "overlay": false,
        "removeOthers": false,
        "markDefeated": false,
        "outputChat": false
      },
      "isNew": false,
      "enrichedReference": "<a class=\"entity-link\" draggable=\"true\" data-pack=\"swade-core-rules.swade-rules\" data-id=\"jaYcLBJnBk1ai5EH\"><i class=\"fas fa-book-open\"></i> Fear</a>",
      "isChanged": false
    },
    {
      "id": "on-fire",
      "name": "On fire",
      "icon": "modules/swim/assets/icons/status_markers/3-On%20Fire.png",
      "referenceId": "@Compendium[swade-core-rules.swade-rules.6cgunuVilk355mfE]",
      "applyTrigger": "",
      "removeTrigger": "",
      "options": {
        "overlay": false,
        "removeOthers": false,
        "markDefeated": false,
        "outputChat": false
      },
      "isNew": false,
      "enrichedReference": "<a class=\"entity-link\" draggable=\"true\" data-pack=\"swade-core-rules.swade-rules\" data-id=\"6cgunuVilk355mfE\"><i class=\"fas fa-book-open\"></i> Fire</a>",
      "isChanged": false
    },
    {
      "id": "poisoned",
      "name": "Poisoned",
      "icon": "modules/swim/assets/icons/status_markers/3-Poisoned.png",
      "referenceId": "@Compendium[swade-core-rules.swade-rules.492TZ3ZhWD452C3O]",
      "applyTrigger": "",
      "removeTrigger": "",
      "options": {
        "overlay": false,
        "removeOthers": false,
        "markDefeated": false,
        "outputChat": false
      },
      "isNew": false,
      "enrichedReference": "<a class=\"entity-link\" draggable=\"true\" data-pack=\"swade-core-rules.swade-rules\" data-id=\"492TZ3ZhWD452C3O\"><i class=\"fas fa-book-open\"></i> Poison</a>",
      "isChanged": false
    },
    {
      "id": "diseased",
      "name": "Diseased",
      "icon": "modules/swim/assets/icons/status_markers/3-Diseased.png",
      "referenceId": "@Compendium[swade-core-rules.swade-rules.5n806Gfv7FpIbpWh]",
      "applyTrigger": "",
      "removeTrigger": "",
      "options": {
        "overlay": false,
        "removeOthers": false,
        "markDefeated": false,
        "outputChat": false
      },
      "isNew": false,
      "enrichedReference": "<a class=\"entity-link\" draggable=\"true\" data-pack=\"swade-core-rules.swade-rules\" data-id=\"5n806Gfv7FpIbpWh\"><i class=\"fas fa-book-open\"></i> Disease</a>",
      "isChanged": false
    },
    {
      "id": "shield",
      "name": "Shield",
      "icon": "modules/swim/assets/icons/status_markers/4-Cover%20shield.png",
      "referenceId": "@Compendium[swade-core-rules.swade-rules.kO7fFCYkcuYbUReS]",
      "applyTrigger": "",
      "removeTrigger": "",
      "options": {
        "overlay": false,
        "removeOthers": false,
        "markDefeated": false,
        "outputChat": false
      },
      "isNew": false,
      "enrichedReference": "<a class=\"entity-link\" draggable=\"true\" data-pack=\"swade-core-rules.swade-rules\" data-id=\"kO7fFCYkcuYbUReS\"><i class=\"fas fa-book-open\"></i> Shields</a>",
      "isChanged": false
    },
    {
      "id": "cover",
      "name": "Cover",
      "icon": "modules/swim/assets/icons/status_markers/4-Cover.png",
      "referenceId": "@Compendium[swade-core-rules.swade-rules.854By7DpYevCCEfJ]",
      "applyTrigger": "",
      "removeTrigger": "",
      "activeEffect": {
        "label": "Cover",
        "icon": "modules/swim/assets/icons/status_markers/4-Cover.png",
        "tint": "",
        "disabled": false,
        "duration": {
          "seconds": null,
          "startTime": null,
          "rounds": null,
          "turns": null,
          "startRound": null,
          "startTurn": null
        },
        "changes": [
          {
            "key": "data.stats.toughness.armor",
            "mode": 2,
            "value": 0
          }
        ]
      },
      "options": {
        "overlay": false,
        "removeOthers": false,
        "markDefeated": false,
        "outputChat": false
      },
      "isNew": false,
      "enrichedReference": "<a class=\"entity-link\" draggable=\"true\" data-pack=\"swade-core-rules.swade-rules\" data-id=\"854By7DpYevCCEfJ\"><i class=\"fas fa-book-open\"></i> Cover and Obstacles</a>",
      "isChanged": false
    },
    {
      "id": "invisible",
      "name": "Invisible",
      "icon": "modules/swim/assets/icons/status_markers/m-Invisible.png",
      "referenceId": "@Compendium[swade-core-rules.swade-powers.2ulSAv39yoZ7wHoH]",
      "applyTrigger": "",
      "removeTrigger": "",
      "options": {
        "overlay": false,
        "removeOthers": false,
        "markDefeated": false,
        "outputChat": false
      },
      "isNew": false,
      "enrichedReference": "<a class=\"entity-link\" draggable=\"true\" data-pack=\"swade-core-rules.swade-powers\" data-id=\"2ulSAv39yoZ7wHoH\"><i class=\"fas fa-suitcase\"></i> Invisibility</a>",
      "isChanged": false
    },
    {
      "id": "smite",
      "name": "Smite",
      "icon": "modules/swim/assets/icons/status_markers/m-Smite.png",
      "referenceId": "@Compendium[swade-core-rules.swade-powers.trnibqLStQnp7hxu]",
      "applyTrigger": "",
      "removeTrigger": "",
      "options": {
        "overlay": false,
        "removeOthers": false,
        "markDefeated": false,
        "outputChat": false
      },
      "isNew": false,
      "enrichedReference": "<a class=\"entity-link\" draggable=\"true\" data-pack=\"swade-core-rules.swade-powers\" data-id=\"trnibqLStQnp7hxu\"><i class=\"fas fa-suitcase\"></i> Smite</a>",
      "isChanged": false
    },
    {
      "id": "protection",
      "name": "Protection",
      "icon": "modules/swim/assets/icons/status_markers/m-Protection.png",
      "referenceId": "@Compendium[swade-core-rules.swade-powers.DPOBFvSuvQgDWF2c]",
      "applyTrigger": "",
      "removeTrigger": "",
      "activeEffect": {
        "label": "Protection",
        "icon": "modules/swim/assets/icons/status_markers/m-Protection.png",
        "tint": "",
        "disabled": false,
        "duration": {
          "seconds": null,
          "startTime": null,
          "rounds": null,
          "turns": null,
          "startRound": null,
          "startTurn": null
        },
        "changes": [
          {
            "key": "data.stats.toughness.armor",
            "mode": 2,
            "value": 0
          },
          {
            "key": "data.stats.toughness.value",
            "mode": 2,
            "value": 0
          }
        ]
      },
      "options": {
        "overlay": false,
        "removeOthers": false,
        "markDefeated": false,
        "outputChat": false
      },
      "isNew": false,
      "enrichedReference": "<a class=\"entity-link\" draggable=\"true\" data-pack=\"swade-core-rules.swade-powers\" data-id=\"DPOBFvSuvQgDWF2c\"><i class=\"fas fa-suitcase\"></i> Protection</a>",
      "isChanged": false
    },
    {
      "id": "irradiated",
      "name": "Irradiated",
      "icon": "modules/swim/assets/icons/status_markers/0-Irradiated.png",
      "referenceId": "@Compendium[swade-core-rules.swade-rules.S3WKO4LbfvERka9n]{Radiation}",
      "applyTrigger": "",
      "removeTrigger": "",
      "activeEffect": null,
      "options": {
        "overlay": false,
        "removeOthers": false,
        "markDefeated": false,
        "outputChat": false
      },
      "isNew": false,
      "enrichedReference": "<a class=\"entity-link\" draggable=\"true\" data-pack=\"swade-core-rules.swade-rules\" data-id=\"S3WKO4LbfvERka9n\"><i class=\"fas fa-book-open\"></i> Radiation</a>",
      "isChanged": false
    }
  ]
}