{
  "system": "swade",
  "map": [
    {
      "id": "shaken",
      "name": "Shaken",
      "icon": "modules/swim/assets/icons/status_markers/0-Shaken.png",
      "referenceId": "@Compendium[swpf-core-rules.swpf-rules.zzh3mj1QDalp0RYf]{Shaken}",
      "applyTrigger": "j6mxyr9u9wcfjxjg",
      "removeTrigger": "276jilxzgpomdbmx",
      "options": {
        "overlay": false,
        "removeOthers": false,
        "outputChat": true,
        "markDefeated": false
      },
      "isNew": false,
      "enrichedReference": "<a class=\"entity-link\" draggable=\"true\" data-pack=\"swpf-core-rules.swpf-rules\" data-id=\"zzh3mj1QDalp0RYf\"><i class=\"fas fa-book-open\"></i> Shaken</a>",
      "isChanged": false
    },
    {
      "id": "aiming",
      "name": "Aiming",
      "icon": "modules/swim/assets/icons/status_markers/1-Aiming.png",
      "referenceId": "@Compendium[swpf-core-rules.swpf-rules.sUYNS218qHShciXd]{Aim}",
      "applyTrigger": "",
      "removeTrigger": "",
      "options": {
        "overlay": false,
        "removeOthers": false,
        "outputChat": true,
        "markDefeated": false
      },
      "isNew": false,
      "enrichedReference": "<a class=\"entity-link\" draggable=\"true\" data-pack=\"swpf-core-rules.swpf-rules\" data-id=\"sUYNS218qHShciXd\"><i class=\"fas fa-book-open\"></i> Aim</a>",
      "isChanged": false
    },
    {
      "id": "berserking",
      "name": "Enraged",
      "icon": "modules/swim/assets/icons/status_markers/1-Berserking.png",
      "referenceId": "@Compendium[swpf-core-rules.swpf-edges.Niz9w9swd6R68uAN]{Barbarian}",
      "applyTrigger": "",
      "removeTrigger": "",
      "activeEffect": {
        "label": "Berserking",
        "icon": "modules/swim/assets/icons/status_markers/1-Berserking.png",
        "tint": "",
        "disabled": false,
        "duration": {
          "seconds": null,
          "startTime": null,
          "rounds": null,
          "turns": null,
          "startRound": null,
          "startTurn": null
        },
        "changes": [
          {
            "key": "data.attributes.strength.die.sides",
            "mode": 2,
            "value": "2"
          },
          {
            "key": "data.status.isVulnerable",
            "mode": 5,
            "value": "true"
          },
          {
            "key": "data.wounds.ignored",
            "mode": 2,
            "value": "2"
          }
        ],
        "flags": {
          "combat-utility-belt": {
            "conditionId": "berserking"
          }
        }
      },
      "options": {
        "overlay": false,
        "removeOthers": false,
        "outputChat": true,
        "markDefeated": false
      },
      "isNew": false,
      "enrichedReference": "<a class=\"entity-link\" draggable=\"true\" data-pack=\"swpf-core-rules.swpf-edges\" data-id=\"Niz9w9swd6R68uAN\"><i class=\"fas fa-suitcase\"></i> Barbarian</a>",
      "isChanged": false
    },
    {
      "id": "defending",
      "name": "Defending",
      "icon": "modules/swim/assets/icons/status_markers/1-Defending.png",
      "referenceId": "@Compendium[swpf-core-rules.swpf-rules.zW0vCtrPnvUbt0ns]{Defend}",
      "applyTrigger": "",
      "removeTrigger": "",
      "activeEffect": {
        "label": "Defending",
        "icon": "modules/swim/assets/icons/status_markers/1-Defending.png",
        "tint": "",
        "disabled": false,
        "duration": {
          "seconds": null,
          "startTime": null,
          "rounds": null,
          "turns": null,
          "startRound": null,
          "startTurn": null
        },
        "changes": [
          {
            "key": "data.stats.parry.value",
            "mode": 2,
            "value": 4
          }
        ],
        "flags": {
          "combat-utility-belt": {
            "conditionId": "defending"
          }
        }
      },
      "options": {
        "overlay": false,
        "removeOthers": false,
        "outputChat": true,
        "markDefeated": false
      },
      "isNew": false,
      "enrichedReference": "<a class=\"entity-link\" draggable=\"true\" data-pack=\"swpf-core-rules.swpf-rules\" data-id=\"zW0vCtrPnvUbt0ns\"><i class=\"fas fa-book-open\"></i> Defend</a>",
      "isChanged": false
    },
    {
      "id": "flying",
      "name": "Flying",
      "icon": "modules/swim/assets/icons/status_markers/1-Flying.png",
      "referenceId": "@Compendium[swpf-core-rules.swpf-abilities.DYArX60CmykJvnfx]{Flight}",
      "applyTrigger": "",
      "removeTrigger": "",
      "options": {
        "overlay": false,
        "removeOthers": false,
        "outputChat": true,
        "markDefeated": false
      },
      "isNew": false,
      "enrichedReference": "<a class=\"entity-link\" draggable=\"true\" data-pack=\"swpf-core-rules.swpf-abilities\" data-id=\"DYArX60CmykJvnfx\"><i class=\"fas fa-suitcase\"></i> Flight</a>",
      "isChanged": false
    },
    {
      "id": "holding",
      "name": "Holding",
      "icon": "modules/swim/assets/icons/status_markers/1-Holding.png",
      "referenceId": "@Compendium[swpf-core-rules.swpf-rules.QzTAIH1jeyKyDwGI]{Hold}",
      "applyTrigger": "",
      "removeTrigger": "",
      "options": {
        "overlay": false,
        "removeOthers": false,
        "outputChat": true,
        "markDefeated": false
      },
      "isNew": false,
      "enrichedReference": "<a class=\"entity-link\" draggable=\"true\" data-pack=\"swpf-core-rules.swpf-rules\" data-id=\"QzTAIH1jeyKyDwGI\"><i class=\"fas fa-book-open\"></i> Hold</a>",
      "isChanged": false
    },
    {
      "id": "entangled",
      "name": "Entangled",
      "icon": "modules/swim/assets/icons/status_markers/2b-Entangled.png",
      "referenceId": "@Compendium[swpf-core-rules.swpf-rules.wrmQPMAc5xvUPNwc]{Bound and Entangled}",
      "applyTrigger": "c6trtulgfki2i2tb",
      "removeTrigger": "pe9m34ljq4ooc884",
      "activeEffect": {
        "label": "Entangled",
        "icon": "modules/swim/assets/icons/status_markers/2b-Entangled.png",
        "tint": "",
        "disabled": false,
        "duration": {
          "seconds": null,
          "startTime": null,
          "rounds": null,
          "turns": null,
          "startRound": null,
          "startTurn": null
        },
        "changes": [
          {
            "key": "data.status.isDistracted",
            "mode": 5,
            "value": "true"
          },
          {
            "key": "data.stats.speed.value",
            "mode": 5,
            "value": 0
          }
        ],
        "flags": {
          "combat-utility-belt": {
            "conditionId": "entangled"
          }
        }
      },
      "options": {
        "overlay": false,
        "removeOthers": false,
        "outputChat": true,
        "markDefeated": false
      },
      "isNew": false,
      "enrichedReference": "<a class=\"entity-link\" draggable=\"true\" data-pack=\"swpf-core-rules.swpf-rules\" data-id=\"wrmQPMAc5xvUPNwc\"><i class=\"fas fa-book-open\"></i> Bound and Entangled</a>",
      "isChanged": false
    },
    {
      "id": "bound",
      "name": "Bound",
      "icon": "modules/swim/assets/icons/status_markers/2b-Bound.png",
      "referenceId": "@Compendium[swpf-core-rules.swpf-rules.wrmQPMAc5xvUPNwc]{Bound and Entangled}",
      "applyTrigger": "mlkvdl1ndy3m3wlk",
      "removeTrigger": "t5yg8sr75eckkiq3",
      "activeEffect": {
        "label": "Bound",
        "icon": "modules/swim/assets/icons/status_markers/2b-Bound.png",
        "tint": "",
        "disabled": false,
        "duration": {
          "seconds": null,
          "startTime": null,
          "rounds": null,
          "turns": null,
          "startRound": null,
          "startTurn": null
        },
        "changes": [
          {
            "key": "data.status.isDistracted",
            "mode": 5,
            "value": "true"
          },
          {
            "key": "data.status.isVulnerable",
            "mode": 5,
            "value": "true"
          },
          {
            "key": "data.stats.speed.value",
            "mode": 5,
            "value": 0
          }
        ],
        "flags": {
          "combat-utility-belt": {
            "conditionId": "bound"
          }
        }
      },
      "options": {
        "overlay": false,
        "removeOthers": false,
        "outputChat": true,
        "markDefeated": false
      },
      "isNew": false,
      "enrichedReference": "<a class=\"entity-link\" draggable=\"true\" data-pack=\"swpf-core-rules.swpf-rules\" data-id=\"wrmQPMAc5xvUPNwc\"><i class=\"fas fa-book-open\"></i> Bound and Entangled</a>",
      "isChanged": false
    },
    {
      "id": "frightened",
      "name": "Frightened",
      "icon": "modules/swim/assets/icons/status_markers/2c-Frightened.png",
      "referenceId": "@Compendium[swpf-core-rules.swpf-rules.Wz3EGUxCmSngGaR2]{Fear}",
      "applyTrigger": "",
      "removeTrigger": "",
      "options": {
        "overlay": false,
        "removeOthers": false,
        "outputChat": true,
        "markDefeated": false
      },
      "isNew": false,
      "enrichedReference": "<a class=\"entity-link\" draggable=\"true\" data-pack=\"swpf-core-rules.swpf-rules\" data-id=\"Wz3EGUxCmSngGaR2\"><i class=\"fas fa-book-open\"></i> Fear</a>",
      "isChanged": false
    },
    {
      "id": "distracted",
      "name": "Distracted",
      "icon": "modules/swim/assets/icons/status_markers/2-Distracted.png",
      "referenceId": "@Compendium[swpf-core-rules.swpf-rules.DlAApOqk5Qygv0gU]{Distracted and Vulnerable}",
      "applyTrigger": "zvydz3amkljjrn40",
      "removeTrigger": "fs5naktbt3tzfn9t",
      "options": {
        "overlay": false,
        "removeOthers": false,
        "outputChat": true,
        "markDefeated": false
      },
      "isNew": false,
      "enrichedReference": "<a class=\"entity-link\" draggable=\"true\" data-pack=\"swpf-core-rules.swpf-rules\" data-id=\"DlAApOqk5Qygv0gU\"><i class=\"fas fa-book-open\"></i> Distracted and Vulnerable</a>",
      "isChanged": false
    },
    {
      "id": "vulnerable",
      "name": "Vulnerable",
      "icon": "modules/swim/assets/icons/status_markers/2-Vulnerable.png",
      "referenceId": "@Compendium[swpf-core-rules.swpf-rules.DlAApOqk5Qygv0gU]{Distracted and Vulnerable}",
      "applyTrigger": "ncf4v9vz01x0b7b3",
      "removeTrigger": "z1ftmghfvxjcnsnd",
      "options": {
        "overlay": false,
        "removeOthers": false,
        "outputChat": true,
        "markDefeated": false
      },
      "isNew": false,
      "enrichedReference": "<a class=\"entity-link\" draggable=\"true\" data-pack=\"swpf-core-rules.swpf-rules\" data-id=\"DlAApOqk5Qygv0gU\"><i class=\"fas fa-book-open\"></i> Distracted and Vulnerable</a>",
      "isChanged": false
    },
    {
      "id": "stunned",
      "name": "Stunned",
      "icon": "modules/swim/assets/icons/status_markers/2-Stunned.png",
      "referenceId": "@Compendium[swpf-core-rules.swpf-rules.y7c8OOE2yhMJxVxm]{Stunned}",
      "applyTrigger": "ed9z4wnndhb5sckw",
      "removeTrigger": "msk8tom9ld48vayx",
      "activeEffect": {
        "label": "Stunned",
        "icon": "modules/swim/assets/icons/status_markers/2-Stunned.png",
        "tint": "",
        "disabled": false,
        "duration": {
          "seconds": null,
          "startTime": null,
          "rounds": null,
          "turns": null,
          "startRound": null,
          "startTurn": null
        },
        "changes": [
          {
            "key": "data.stats.speed.value",
            "mode": 5,
            "value": "0"
          }
        ],
        "flags": {
          "combat-utility-belt": {
            "conditionId": "stunned"
          }
        }
      },
      "options": {
        "overlay": false,
        "removeOthers": false,
        "outputChat": true,
        "markDefeated": false
      },
      "isNew": false,
      "enrichedReference": "<a class=\"entity-link\" draggable=\"true\" data-pack=\"swpf-core-rules.swpf-rules\" data-id=\"y7c8OOE2yhMJxVxm\"><i class=\"fas fa-book-open\"></i> Stunned</a>",
      "isChanged": false
    },
    {
      "id": "prone",
      "name": "Prone",
      "icon": "modules/swim/assets/icons/status_markers/2-Prone.png",
      "referenceId": "@Compendium[swpf-core-rules.swpf-rules.TsPTxdhNeJrrGTo3]{Prone}",
      "applyTrigger": "",
      "removeTrigger": "",
      "activeEffect": {
        "label": "Prone",
        "icon": "modules/swim/assets/icons/status_markers/2-Prone.png",
        "tint": "",
        "disabled": false,
        "duration": {
          "seconds": null,
          "startTime": null,
          "rounds": null,
          "turns": null,
          "startRound": null,
          "startTurn": null
        },
        "changes": [
          {
            "key": "data.stats.parry.value",
            "mode": 2,
            "value": "-2"
          }
        ],
        "flags": {
          "combat-utility-belt": {
            "conditionId": "prone"
          }
        }
      },
      "options": {
        "overlay": false,
        "removeOthers": false,
        "outputChat": true,
        "markDefeated": false
      },
      "isNew": false,
      "enrichedReference": "<a class=\"entity-link\" draggable=\"true\" data-pack=\"swpf-core-rules.swpf-rules\" data-id=\"TsPTxdhNeJrrGTo3\"><i class=\"fas fa-book-open\"></i> Prone</a>",
      "isChanged": false
    },
    {
      "id": "encumbered",
      "name": "Encumbered",
      "icon": "modules/swim/assets/icons/status_markers/2-Encumbered.png",
      "referenceId": "@Compendium[swpf-core-rules.swpf-rules.yZutkhibo6To97ET]{Encumbrance}",
      "applyTrigger": "",
      "removeTrigger": "",
      "activeEffect": {
        "label": "Encumbered",
        "icon": "modules/swim/assets/icons/status_markers/2-Encumbered.png",
        "tint": "",
        "disabled": false,
        "duration": {
          "seconds": null,
          "startTime": null,
          "rounds": null,
          "turns": null,
          "startRound": null,
          "startTurn": null
        },
        "changes": [
          {
            "key": "data.stats.speed.value",
            "mode": 2,
            "value": "-2"
          },
          {
            "key": "data.attributes.agility.die.modifier",
            "mode": 2,
            "value": "-2"
          },
          {
            "key": "data.stats.speed.runningMod",
            "mode": 2,
            "value": "-2"
          }
        ],
        "flags": {
          "combat-utility-belt": {
            "conditionId": "encumbered"
          }
        }
      },
      "options": {
        "overlay": false,
        "removeOthers": false,
        "outputChat": true,
        "markDefeated": false
      },
      "isNew": false,
      "enrichedReference": "<a class=\"entity-link\" draggable=\"true\" data-pack=\"swpf-core-rules.swpf-rules\" data-id=\"yZutkhibo6To97ET\"><i class=\"fas fa-book-open\"></i> Encumbrance</a>",
      "isChanged": false
    },
    {
      "id": "incapacitated",
      "name": "Incapacitated",
      "icon": "modules/swim/assets/icons/status_markers/3-Incapacitated.png",
      "referenceId": "@Compendium[swpf-core-rules.swpf-rules.3MljFFSMHnSPozbs]{Incapacitation}",
      "applyTrigger": "",
      "removeTrigger": "",
      "options": {
        "overlay": true,
        "removeOthers": false,
        "outputChat": true,
        "markDefeated": false
      },
      "isNew": false,
      "enrichedReference": "<a class=\"entity-link\" draggable=\"true\" data-pack=\"swpf-core-rules.swpf-rules\" data-id=\"3MljFFSMHnSPozbs\"><i class=\"fas fa-book-open\"></i> Incapacitation</a>",
      "isChanged": false
    },
    {
      "id": "bleeding-out",
      "name": "Bleeding Out",
      "icon": "modules/swim/assets/icons/status_markers/3-Bleeding%20out.png",
      "referenceId": "@Compendium[swpf-core-rules.swpf-rules.mo17NvZSvFEO13hW]{Bleeding Out}",
      "applyTrigger": "",
      "removeTrigger": "",
      "options": {
        "overlay": true,
        "removeOthers": false,
        "outputChat": true,
        "markDefeated": false
      },
      "isNew": false,
      "enrichedReference": "<a class=\"entity-link\" draggable=\"true\" data-pack=\"swpf-core-rules.swpf-rules\" data-id=\"mo17NvZSvFEO13hW\"><i class=\"fas fa-book-open\"></i> Bleeding Out</a>",
      "isChanged": false
    },
    {
      "id": "heart-attack",
      "name": "Heart Attack",
      "icon": "modules/swim/assets/icons/status_markers/3-Heart%20attack.png",
      "referenceId": "@Compendium[swpf-core-rules.swpf-rules.Wz3EGUxCmSngGaR2]{Fear}",
      "applyTrigger": "",
      "removeTrigger": "",
      "options": {
        "overlay": false,
        "removeOthers": false,
        "outputChat": true,
        "markDefeated": false
      },
      "isNew": false,
      "enrichedReference": "<a class=\"entity-link\" draggable=\"true\" data-pack=\"swpf-core-rules.swpf-rules\" data-id=\"Wz3EGUxCmSngGaR2\"><i class=\"fas fa-book-open\"></i> Fear</a>",
      "isChanged": false
    },
    {
      "id": "on-fire",
      "name": "On fire",
      "icon": "modules/swim/assets/icons/status_markers/3-On%20Fire.png",
      "referenceId": "@Compendium[swpf-core-rules.swpf-rules.gUtNJpX9g7XrB35y]{Fire}",
      "applyTrigger": "",
      "removeTrigger": "",
      "options": {
        "overlay": false,
        "removeOthers": false,
        "outputChat": true,
        "markDefeated": false
      },
      "isNew": false,
      "enrichedReference": "<a class=\"entity-link\" draggable=\"true\" data-pack=\"swpf-core-rules.swpf-rules\" data-id=\"gUtNJpX9g7XrB35y\"><i class=\"fas fa-book-open\"></i> Fire</a>",
      "isChanged": false
    },
    {
      "id": "poisoned",
      "name": "Poisoned",
      "icon": "modules/swim/assets/icons/status_markers/3-Poisoned.png",
      "referenceId": "@Compendium[swpf-core-rules.swpf-rules.szDZYOgjOJaEBMX9]{Poison}",
      "applyTrigger": "",
      "removeTrigger": "",
      "options": {
        "overlay": false,
        "removeOthers": false,
        "outputChat": true,
        "markDefeated": false
      },
      "isNew": false,
      "enrichedReference": "<a class=\"entity-link\" draggable=\"true\" data-pack=\"swpf-core-rules.swpf-rules\" data-id=\"szDZYOgjOJaEBMX9\"><i class=\"fas fa-book-open\"></i> Poison</a>",
      "isChanged": false
    },
    {
      "id": "diseased",
      "name": "Diseased",
      "icon": "modules/swim/assets/icons/status_markers/3-Diseased.png",
      "referenceId": "@Compendium[swpf-core-rules.swpf-rules.sYmRb0jl47kTw673]{Disease}",
      "applyTrigger": "",
      "removeTrigger": "",
      "options": {
        "overlay": false,
        "removeOthers": false,
        "outputChat": true,
        "markDefeated": false
      },
      "isNew": false,
      "enrichedReference": "<a class=\"entity-link\" draggable=\"true\" data-pack=\"swpf-core-rules.swpf-rules\" data-id=\"sYmRb0jl47kTw673\"><i class=\"fas fa-book-open\"></i> Disease</a>",
      "isChanged": false
    },
    {
      "id": "shield",
      "name": "Shield",
      "icon": "modules/swim/assets/icons/status_markers/4-Cover%20shield.png",
      "referenceId": "@Compendium[swpf-core-rules.swpf-rules.I890twJBUMA8SYUU]{2 Armor}",
      "applyTrigger": "",
      "removeTrigger": "",
      "options": {
        "overlay": false,
        "removeOthers": false,
        "outputChat": true,
        "markDefeated": false
      },
      "isNew": false,
      "enrichedReference": "<a class=\"entity-link\" draggable=\"true\" data-pack=\"swpf-core-rules.swpf-rules\" data-id=\"I890twJBUMA8SYUU\"><i class=\"fas fa-book-open\"></i> 2 Armor</a>",
      "isChanged": false
    },
    {
      "id": "cover",
      "name": "Cover",
      "icon": "modules/swim/assets/icons/status_markers/4-Cover.png",
      "referenceId": "@Compendium[swpf-core-rules.swpf-rules.t7bveP3o2a3qz6sB]{Cover and Obstacles}",
      "applyTrigger": "",
      "removeTrigger": "",
      "activeEffect": {
        "label": "Cover",
        "icon": "modules/swim/assets/icons/status_markers/4-Cover.png",
        "tint": "",
        "disabled": false,
        "duration": {
          "seconds": null,
          "startTime": null,
          "rounds": null,
          "turns": null,
          "startRound": null,
          "startTurn": null
        },
        "changes": [
          {
            "key": "data.stats.toughness.armor",
            "mode": 2,
            "value": 0
          }
        ]
      },
      "options": {
        "overlay": false,
        "removeOthers": false,
        "outputChat": true,
        "markDefeated": false
      },
      "isNew": false,
      "enrichedReference": "<a class=\"entity-link\" draggable=\"true\" data-pack=\"swpf-core-rules.swpf-rules\" data-id=\"t7bveP3o2a3qz6sB\"><i class=\"fas fa-book-open\"></i> Cover and Obstacles</a>",
      "isChanged": false
    },
    {
      "id": "invisible",
      "name": "Invisible",
      "icon": "modules/swim/assets/icons/status_markers/m-Invisible.png",
      "referenceId": "@Compendium[swpf-core-rules.swpf-powers.K76tydAgjnrtu3tq]{Invisibility}",
      "applyTrigger": "",
      "removeTrigger": "",
      "options": {
        "overlay": false,
        "removeOthers": false,
        "outputChat": true,
        "markDefeated": false
      },
      "isNew": false,
      "enrichedReference": "<a class=\"entity-link\" draggable=\"true\" data-pack=\"swpf-core-rules.swpf-powers\" data-id=\"K76tydAgjnrtu3tq\"><i class=\"fas fa-suitcase\"></i> Invisibility</a>",
      "isChanged": false
    },
    {
      "id": "smite",
      "name": "Smite",
      "icon": "modules/swim/assets/icons/status_markers/m-Smite.png",
      "referenceId": "@Compendium[swpf-core-rules.swpf-powers.8bh4SI0ARxZsfPL1]{Smite}",
      "applyTrigger": "",
      "removeTrigger": "",
      "options": {
        "overlay": false,
        "removeOthers": false,
        "outputChat": true,
        "markDefeated": false
      },
      "isNew": false,
      "enrichedReference": "<a class=\"entity-link\" draggable=\"true\" data-pack=\"swpf-core-rules.swpf-powers\" data-id=\"8bh4SI0ARxZsfPL1\"><i class=\"fas fa-suitcase\"></i> Smite</a>",
      "isChanged": false
    },
    {
      "id": "protection",
      "name": "Protection",
      "icon": "modules/swim/assets/icons/status_markers/m-Protection.png",
      "referenceId": "@Compendium[swpf-core-rules.swpf-powers.ZErveSbnXzsKMXoA]{Protection}",
      "applyTrigger": "",
      "removeTrigger": "",
      "activeEffect": {
        "label": "Protection",
        "icon": "modules/swim/assets/icons/status_markers/m-Protection.png",
        "tint": "",
        "disabled": false,
        "duration": {
          "seconds": null,
          "startTime": null,
          "rounds": null,
          "turns": null,
          "startRound": null,
          "startTurn": null
        },
        "changes": [
          {
            "key": "data.stats.toughness.armor",
            "mode": 2,
            "value": 0
          },
          {
            "key": "data.stats.toughness.value",
            "mode": 2,
            "value": 0
          }
        ],
        "flags": {
          "combat-utility-belt": {
            "conditionId": "protection"
          }
        }
      },
      "options": {
        "overlay": false,
        "removeOthers": false,
        "outputChat": true,
        "markDefeated": false
      },
      "isNew": false,
      "enrichedReference": "<a class=\"entity-link\" draggable=\"true\" data-pack=\"swpf-core-rules.swpf-powers\" data-id=\"ZErveSbnXzsKMXoA\"><i class=\"fas fa-suitcase\"></i> Protection</a>",
      "isChanged": false
    }
  ]
}