{
	"name": "swim",
	"title": "SWADE Immersive Macros",
	"description": "A simple module to configure some stuff in the SWADE System on Foundry VTT.",
	"minimumCoreVersion": "0.7.4",
	"compatibleCoreVersion": "0.7.9",
	"version": "0.6.1",
	"author": "SalieriC",
	"dependencies": [
		{
		  "name": "swade",
		  "type": "system"
		}
	],
	"languages": [
		{
			"lang": "en",
			"name": "English",
			"path": "lang/en.json"
		}
	],
	"systems": ["swade"],
	"esmodules": ["./scripts/init.js"],
	"scripts": ["./scripts/settings-extender.js"],
	"packs": [
        {
            "name": "swade-immersive-macros",
            "label": "SWADE Immersive Macros",
			"system": "swade",
            "path": "packs/swade-immersive-macros.db",
            "module": "swim",
            "entity": "Macro"
        }
	],
	"url": "https://github.com/SalieriC/SWADE-Immersive-Macros",
	"manifest": "https://raw.githubusercontent.com/SalieriC/SWADE-Immersive-Macros/main/swim/module.json",
	"download": "https://github.com/SalieriC/SWADE-Immersive-Macros/blob/main/swim.zip?raw=true"
}
