{
	"name": "swim",
	"title": "SWADE Immersive Macros",
	"description": "A simple module to configure some stuff in the SWADE System on Foundry VTT.",
	"minimumCoreVersion": "0.7.4",
	"compatibleCoreVersion": "0.7.9",
	"version": "pre 0.1.0",
	"author": "SalieriC",
	"dependencies": [
		{
		  "name": "swade",
		  "type": "system"
		}
	],
	"languages": [
		{
			"lang": "en",
			"name": "English",
			"path": "lang/en.json"
		}
	],
	"systems": ["swade"],
	"esmodules": ["./scripts/init.js"],
	"scripts": ["./scripts/settings-extender.js"],
	"packs": [],
	"url": "https://github.com/SalieriC/SWADE-Immersive-Macros",
	"manifest": "https://github.com/SalieriC/SWADE-Immersive-Macros/blob/main/swim/module.json",
	"download": "https://github.com/SalieriC/SWADE-Immersive-Macros/blob/main/swim.zip?raw=true"
}