{
	"id": "swim",
	"title": "SWADE Immersion Module",
	"description": "<p>A module providing immersion friendly macros and functionalities to enhance the gameplay experience of the SWADE System on Foundry VTT and automate some things in a non-intrusive way. <a href='https://ko-fi.com/salieric'>Please consider donating.</a> </p>",
	"compatibility": {
		"minimum": 11,
		"verified": "11.308"
	},
	"version": "2.3.0",
	"authors": [
		{
			"name": "SalieriC",
			"url": "https://ko-fi.com/salieric",
			"discord": "SalieriC",
			"ko-fi": "SalieriC"
		},
		{
			"name": "Emanuel May",
			"url": "https://github.com/loofou",
			"discord": "Loofou#7406"
		}
	],
	"relationships": {
		"systems": [
			{
				"id": "swade",
				"type": "system",
				"manifest": "https://gitlab.com/api/v4/projects/16269883/packages/generic/swade/latest/system.json",
				"compatibility": {
					"minimum": "3.0.0",
					"verified": "3.2.0"
				}
			}
		],
		"requires": [
			{
				"id": "lib-wrapper",
				"type": "module",
				"manifest": "https://github.com/ruipin/fvtt-lib-wrapper/releases/download/v1.12.13.0/module.json",
				"compatibility": {
					"minimum": "1.12.13.0",
					"verified": "1.12.13.0"
				}
			},
			{
				"id": "settings-extender",
				"type": "module",
				"manifest": "https://gitlab.com/foundry-azzurite/settings-extender/-/jobs/artifacts/master/raw/dist/settings-extender/module.json?job=build",
				"compatibility": {
					"minimum": "1.2.2",
					"verified": "1.2.2"
				}
			},
			{
				"id": "succ",
				"type": "module",
				"manifest": "https://raw.githubusercontent.com/SalieriC/SUCC/main/succ/module.json",
				"compatibility": {
					"minimum": "2.2.0",
					"verified": "2.2.0"
				}
			},
			{
				"id": "warpgate",
				"type": "module",
				"manifest": "https://github.com/trioderegion/warpgate/releases/download/1.17.2/module.json",
				"compatibility": {
					"minimum": "1.14.0",
					"verified": "1.17.2"
				}
			}
		]
	},
	"languages": [
		{
			"lang": "en",
			"name": "English",
			"path": "lang/en.json"
		},
		{
			"lang": "de",
			"name": "Deutsch",
			"path": "lang/de.json"
		},
		{
			"lang": "zh-Hans",
			"name": "中文（简体）",
			"path": "lang/zh_Hans.json"
		},
		{
			"lang": "pt-BR",
			"name": "Português (Brasil)",
			"path": "lang/pt_BR.json"
		}
	],
	"systems": [
		"swade"
	],
	"esmodules": [
		"./scripts/init.js"
	],
	"packs": [
		{
			"name": "swade-immersive-macros",
			"label": "SWADE Immersive Macros",
			"system": "swade",
			"path": "packs/swade-immersive-macros.db",
			"module": "swim",
			"type": "Macro",
			"ownership": {
        		"PLAYER": "NONE",
        		"ASSISTANT": "OWNER"
      		}
		},
		{
			"name": "chase-layouts",
			"label": "Chase Layouts",
			"system": "swade",
			"path": "packs/chase-layouts.db",
			"module": "swim",
			"type": "Scene",
			"ownership": {
        		"PLAYER": "NONE",
        		"ASSISTANT": "OWNER"
      		}
		},
		{
			"label": "SWIM Actor Folders",
			"name": "swim-actor-folders",
			"path": "packs/swim-actor-folders.db",
			"system": "swade",
			"module": "swim",
			"type": "Actor",
			"ownership": {
        		"PLAYER": "NONE",
        		"ASSISTANT": "OWNER"
      		}
		},
		{
			"label": "SWIM Chase Cards",
			"name": "swim-chase-cards",
			"path": "packs/swim-chase-cards.db",
			"system": "swade",
			"module": "swim",
			"type": "JournalEntry",
			"ownership": {
        		"PLAYER": "NONE",
        		"ASSISTANT": "OWNER"
      		}
		},
		{
			"label": "SWIM Roll Tables",
			"name": "swim-roll-tables",
			"path": "packs/swim-roll-tables.db",
			"system": "swade",
			"module": "swim",
			"type": "RollTable",
			"ownership": {
        		"PLAYER": "NONE",
        		"ASSISTANT": "OWNER"
      		}
		}
	],
	"packFolders": [
        {
            "name": "SWIM",
            "sorting": "a",
            "packs": [
                "swade-immersive-macros",
                "chase-layouts",
                "swim-actor-folders",
                "swim-chase-cards",
                "swim-roll-tables"
            ]
        }
    ],
	"url": "https://github.com/SalieriC/SWADE-Immersive-Macros",
	"manifest": "https://raw.githubusercontent.com/SalieriC/SWADE-Immersive-Macros/main/swim/module.json",
	"download": "https://github.com/SalieriC/SWADE-Immersive-Macros/blob/main/swim.zip?raw=true"
}