{
	"name": "swim",
	"title": "SWADE Immersive Macros",
	"description": "<p><b>READ THE README!</b> Doing so is very important!</p><p>A module providing immersion friendly macros to ease play of the SWADE System on Foundry VTT. <a href='https://ko-fi.com/salieric'>Please consider donating.</a> </p>",
	"minimumCoreVersion": "0.8.8",
	"compatibleCoreVersion": "9.242",
	"version": "0.12.2",
	"author": "SalieriC",
	"dependencies": [
		{
		  "name": "swade",
		  "type": "system"
		},
		{
			"type": "module",
			"name": "compendium-folders",
			"manifest": "https://raw.githubusercontent.com/earlSt1/vtt-compendium-folders/master/module.json"
		},
		{
			"type": "module",
			"name": "libWrapper",
			"manifest": "https://github.com/ruipin/fvtt-lib-wrapper/releases/download/v1.11.4.0/module.json"
		},
		{
			"type": "module",
			"name": "settings-extender",
			"manifest": "https://gitlab.com/foundry-azzurite/settings-extender/-/jobs/artifacts/master/raw/dist/settings-extender/module.json?job=build"
		}
	],
	"languages": [
		{
			"lang": "en",
			"name": "English",
			"path": "lang/en.json"
		}
	],
	"systems": ["swade"],
	"esmodules": ["./scripts/init.js"],
	"scripts": [
		"./scripts/settings-extender.js",
		"./scripts/swim-class.js"
	],
	"packs": [
        {
            "name": "swade-immersive-macros",
            "label": "SWADE Immersive Macros",
			"system": "swade",
            "path": "packs/swade-immersive-macros.db",
            "module": "swim",
            "entity": "Macro"
        },
		{
            "name": "chase-layouts",
            "label": "Chase Layouts",
			"system": "swade",
            "path": "packs/chase-layouts.db",
            "module": "swim",
            "entity": "Scene"
        }
	],
	"url": "https://github.com/SalieriC/SWADE-Immersive-Macros",
	"manifest": "https://raw.githubusercontent.com/SalieriC/SWADE-Immersive-Macros/main/swim/module.json",
	"download": "https://github.com/SalieriC/SWADE-Immersive-Macros/blob/main/swim.zip?raw=true"
}
