{
	"name": "swim",
	"title": "SWADE Immersive Macros",
	"description": "<p><b>READ THE README!</b> Doing so is very important!</p><p>A module providing immersion friendly macros to ease play of the SWADE System on Foundry VTT. <a href='https://ko-fi.com/salieric'>Please consider donating.</a> </p>",
	"minimumCoreVersion": "9.249",
	"compatibleCoreVersion": "9.269",
	"version": "0.18.2",
	"author": "SalieriC",
	"dependencies": [
		{
		  "name": "swade",
		  "type": "system"
		},
		{
			"type": "module",
			"name": "compendium-folders",
			"manifest": "https://raw.githubusercontent.com/earlSt1/vtt-compendium-folders/master/module.json"
		},
		{
			"type": "module",
			"name": "lib-wrapper",
			"manifest": "https://github.com/ruipin/fvtt-lib-wrapper/releases/download/v1.11.4.0/module.json"
		},
		{
			"type": "module",
			"name": "settings-extender",
			"manifest": "https://gitlab.com/foundry-azzurite/settings-extender/-/jobs/artifacts/master/raw/dist/settings-extender/module.json?job=build"
		},
		{
			"type": "module",
			"name": "succ",
			"manifest": "https://raw.githubusercontent.com/SalieriC/SUCC/main/succ/module.json"
		},
		{
			"type": "module",
			"name": "warpgate",
			"manifest": "https://raw.githubusercontent.com/trioderegion/warpgate/master/module.json"
		}
	],
	"languages": [
		{
			"lang": "en",
			"name": "English",
			"path": "lang/en.json"
		},
		{
			"lang": "de",
			"name": "Deutsch",
			"path": "lang/de.json"
		}
	],
	"systems": ["swade"],
	"esmodules": ["./scripts/init.js"],
	"scripts": [
		"./scripts/settings-extender.js"
	],
	"packs": [
        {
            "name": "swade-immersive-macros",
            "label": "SWADE Immersive Macros",
			"system": "swade",
            "path": "packs/swade-immersive-macros.db",
            "module": "swim",
            "entity": "Macro",
			"private": true
        },
		{
            "name": "chase-layouts",
            "label": "Chase Layouts",
			"system": "swade",
            "path": "packs/chase-layouts.db",
            "module": "swim",
            "entity": "Scene",
			"private": true
        },
		{
		  "label": "SWIM Actor Folders",
		  "name": "swim-actor-folders",
		  "path": "packs/swim-actor-folders.db",
		  "system": "swade",
		  "module": "swim",
		  "entity": "Actor",
		  "private": true
		},
		{
		  "label": "SWIM Chase Cards",
		  "name": "swim-chase-cards",
		  "path": "packs/swim-chase-cards.db",
		  "system": "swade",
		  "module": "swim",
		  "entity": "JournalEntry",
		  "private": true
		},
		{
		  "label": "SWIM Roll Tables",
		  "name": "swim-roll-tables",
		  "path": "packs/swim-roll-tables.db",
		  "system": "swade",
		  "module": "swim",
		  "entity": "RollTable",
		  "private": true
		}
	],
	"url": "https://github.com/SalieriC/SWADE-Immersive-Macros",
	"manifest": "https://raw.githubusercontent.com/SalieriC/SWADE-Immersive-Macros/main/swim/module.json",
	"download": "https://github.com/SalieriC/SWADE-Immersive-Macros/blob/main/swim.zip?raw=true"
}
